{"cameraMode":{"drawMode":0,"name":"Shaded","section":"Shading Mode"},"sceneLighting":true,"audioPlay":false,"sceneViewState":{"m_AlwaysRefresh":false,"showFog":true,"showSkybox":true,"showFlares":true,"showImageEffects":true,"showParticleSystems":true,"showVisualEffectGraphs":true,"m_FxEnabled":true},"in2DMode":false,"pivot":{"x":40.944679260253909,"y":-12.181770324707032,"z":16.535676956176759},"rotation":{"x":0.23982304334640504,"y":0.5734862089157105,"z":-0.1804250180721283,"w":0.7622718811035156},"size":19.953495025634767,"orthographic":false}