{"cameraMode":{"drawMode":0,"name":"Shaded","section":"Shading Mode"},"sceneLighting":true,"audioPlay":false,"sceneViewState":{"m_AlwaysRefresh":false,"showFog":true,"showSkybox":true,"showFlares":true,"showImageEffects":true,"showParticleSystems":true,"showVisualEffectGraphs":true,"m_FxEnabled":true},"in2DMode":false,"pivot":{"x":-4.500391006469727,"y":0.5599902272224426,"z":10.059263229370118},"rotation":{"x":0.02317972667515278,"y":-0.2902975082397461,"z":0.0073195029981434349,"w":0.9566237330436707},"size":4.273656845092773,"orthographic":false}